Workbook
Name Slicer_Region: #N/A

Sheet Pivot Analysis
D1: Insert Slicer
A3: Row Labels | B3: Sum of Sales
A4: North | B4: 140600
A5: 15-01-2026 | B5: 16000
A6: 18-02-2026 | B6: 24000
A7: 25-01-2026 | B7: 7000
A8: 46143 | B8: 3600
A9: 46236 | B9: 90000
A10: Grand Total | B10: 140600

Sheet Dashboard
A1: SALES ANALYSIS DASHBOARD
A3: Total Sales | B3: Total Profit | C3: Total Transactions
A4: =SUM(tblTransactions[Sales]) -> 461400 | B4: =SUM(tblTransactions[Profit]) -> 74800 | C4: =COUNTA(tblTransactions[TransactionID]) -> 20
A7: Total Sales by Region Chart

Sheet Documentation
A1: Sales Analysis Project
A3: Objective Analyze sales, profit, customers, and regions.
A4: Data Cleaning Checked duplicates and data formats.
A5: Pivot Tables Region-wise and Category-wise Sales Analysis.
A6: Formulas VLOOKUP, INDEX, MATCH, IF, AND, FILTER.
A7: Visualization Sales by Region Chart.
A8: Dashboard KPI Cards and Region Slicer.

Sheet Category Analysis
A3: Row Labels | B3: Sum of Sales | C3: Sum of Quantity
A4: Accessories | B4: 3600 | C4: 3
A5: Electronics | B5: 114000 | C5: 4
A6: Furniture | B6: 23000 | C6: 4
A7: Grand Total | B7: 140600 | C7: 11

Sheet Formula Analysis
A1: VLOOKUP | D1: INDEX-MATCH | G1: IF Conditions
A3: TransactionID | B3: Product | D3: TransactionID | E3: Product | G3: Profit | H3: Profit Status | I3: TransactionID | J3: Performance
A4: T005 | B4: =VLOOKUP(A4,'Raw Data'!A:J,5,FALSE) -> Laptop | D4: TOO5 | E4: =IFERROR(INDEX('Raw Data'!E:E,MATCH(SUBSTITUTE(D4,"O","0"),'Raw Data'!A:A,0)),"Not Found") -> Laptop | G4: ='Raw Data'!J4 -> 12000 | H4: =IF(G4>=3000,"High Profit","Low Profit") -> High Profit | I4: ='Raw Data'!A4 -> T001 | J4: =IF(AND('Raw Data'!I4>=10000,'Raw Data'!J4>=3000),"High Performance","Normal Performance") -> High Performance
A5: T010 | B5: =VLOOKUP(A5,'Raw Data'!A:J,5,FALSE) -> Laptop | D5: T010 | E5: =IFERROR(INDEX('Raw Data'!E:E,MATCH(SUBSTITUTE(D5,"O","0"),'Raw Data'!A:A,0)),"Not Found") -> Laptop | G5: ='Raw Data'!J5 -> 500 | H5: =IF(G5>=3000,"High Profit","Low Profit") -> Low Profit | I5: ='Raw Data'!A5 -> T002 | J5: =IF(AND('Raw Data'!I5>=10000,'Raw Data'!J5>=3000),"High Performance","Normal Performance") -> Normal Performance
A6: T015 | B6: =VLOOKUP(A6,'Raw Data'!A:J,5,FALSE) -> Laptop | D6: T015 | E6: =IFERROR(INDEX('Raw Data'!E:E,MATCH(SUBSTITUTE(D6,"O","0"),'Raw Data'!A:A,0)),"Not Found") -> Laptop | G6: ='Raw Data'!J6 -> 900 | H6: =IF(G6>=3000,"High Profit","Low Profit") -> Low Profit | I6: ='Raw Data'!A6 -> T003 | J6: =IF(AND('Raw Data'!I6>=10000,'Raw Data'!J6>=3000),"High Performance","Normal Performance") -> Normal Performance
G7: ='Raw Data'!J7 -> 4000 | H7: =IF(G7>=3000,"High Profit","Low Profit") -> High Profit | I7: ='Raw Data'!A7 -> T004 | J7: =IF(AND('Raw Data'!I7>=10000,'Raw Data'!J7>=3000),"High Performance","Normal Performance") -> High Performance
G8: ='Raw Data'!J8 -> 6000 | H8: =IF(G8>=3000,"High Profit","Low Profit") -> High Profit | I8: ='Raw Data'!A8 -> T005 | J8: =IF(AND('Raw Data'!I8>=10000,'Raw Data'!J8>=3000),"High Performance","Normal Performance") -> High Performance
G9: ='Raw Data'!J9 -> 2800 | H9: =IF(G9>=3000,"High Profit","Low Profit") -> Low Profit | I9: ='Raw Data'!A9 -> T006 | J9: =IF(AND('Raw Data'!I9>=10000,'Raw Data'!J9>=3000),"High Performance","Normal Performance") -> Normal Performance
G10: ='Raw Data'!J10 -> 3200 | H10: =IF(G10>=3000,"High Profit","Low Profit") -> High Profit | I10: ='Raw Data'!A10 -> T007 | J10: =IF(AND('Raw Data'!I10>=10000,'Raw Data'!J10>=3000),"High Performance","Normal Performance") -> High Performance
G11: ='Raw Data'!J11 -> 600 | H11: =IF(G11>=3000,"High Profit","Low Profit") -> Low Profit | I11: ='Raw Data'!A11 -> T008 | J11: =IF(AND('Raw Data'!I11>=10000,'Raw Data'!J11>=3000),"High Performance","Normal Performance") -> Normal Performance
G12: ='Raw Data'!J12 -> 6000 | H12: =IF(G12>=3000,"High Profit","Low Profit") -> High Profit | I12: ='Raw Data'!A12 -> T009 | J12: =IF(AND('Raw Data'!I12>=10000,'Raw Data'!J12>=3000),"High Performance","Normal Performance") -> High Performance
G13: ='Raw Data'!J13 -> 7000 | H13: =IF(G13>=3000,"High Profit","Low Profit") -> High Profit | I13: ='Raw Data'!A13 -> T010 | J13: =IF(AND('Raw Data'!I13>=10000,'Raw Data'!J13>=3000),"High Performance","Normal Performance") -> High Performance
G14: ='Raw Data'!J14 -> 1400 | H14: =IF(G14>=3000,"High Profit","Low Profit") -> Low Profit | I14: ='Raw Data'!A14 -> T011 | J14: =IF(AND('Raw Data'!I14>=10000,'Raw Data'!J14>=3000),"High Performance","Normal Performance") -> Normal Performance
G15: ='Raw Data'!J15 -> 1600 | H15: =IF(G15>=3000,"High Profit","Low Profit") -> Low Profit | I15: ='Raw Data'!A15 -> T012 | J15: =IF(AND('Raw Data'!I15>=10000,'Raw Data'!J15>=3000),"High Performance","Normal Performance") -> Normal Performance
G16: ='Raw Data'!J16 -> 1200 | H16: =IF(G16>=3000,"High Profit","Low Profit") -> Low Profit | I16: ='Raw Data'!A16 -> T013 | J16: =IF(AND('Raw Data'!I16>=10000,'Raw Data'!J16>=3000),"High Performance","Normal Performance") -> Normal Performance
G17: ='Raw Data'!J17 -> 2000 | H17: =IF(G17>=3000,"High Profit","Low Profit") -> Low Profit | I17: ='Raw Data'!A17 -> T014 | J17: =IF(AND('Raw Data'!I17>=10000,'Raw Data'!J17>=3000),"High Performance","Normal Performance") -> Normal Performance
G18: ='Raw Data'!J18 -> 14000 | H18: =IF(G18>=3000,"High Profit","Low Profit") -> High Profit | I18: ='Raw Data'!A18 -> T015 | J18: =IF(AND('Raw Data'!I18>=10000,'Raw Data'!J18>=3000),"High Performance","Normal Performance") -> High Performance
... G23: ='Raw Data'!J23 -> 1500 | H23: =IF(G23>=3000,"High Profit","Low Profit") -> Low Profit | I23: ='Raw Data'!A23 -> T020 | J23: =IF(AND('Raw Data'!I23>=10000,'Raw Data'!J23>=3000),"High Performance","Normal Performance") -> Normal Performance

Sheet Raw Data
A1: Task 1: Dataset Selection & Import
A3: TransactionID | B3: Date | C3: Customer | D3: Region | E3: Product | F3: Category | G3: Quantity | H3: UnitPrice | I3: Sales | J3: Profit
A4: T001 | B4: 46023 | C4: Amit | D4: West | E4: Laptop | F4: Electronics | G4: 2 | H4: 45000 | I4: 90000 | J4: 12000
A5: T002 | B5: 46082 | C5: Neha | D5: East | E5: Mouse | F5: Accessories | G5: 5 | H5: 500 | I5: 2500 | J5: 500
A6: T003 | B6: 46143 | C6: Rahul | D6: North | E6: Keyboard | F6: Accessories | G6: 3 | H6: 1200 | I6: 3600 | J6: 900
A7: T004 | B7: 46235 | C7: Priya | D7: South | E7: Monitor | F7: Electronics | G7: 2 | H7: 12000 | I7: 24000 | J7: 4000
A8: T005 | B8: 46296 | C8: Jay | D8: West | E8: Laptop | F8: Electronics | G8: 1 | H8: 45000 | I8: 45000 | J8: 6000
A9: T006 | B9: 46357 | C9: Kiran | D9: East | E9: Chair | F9: Furniture | G9: 4 | H9: 3500 | I9: 14000 | J9: 2800
A10: T007 | B10: 15-01-2026 | C10: Meera | D10: North | E10: Desk | F10: Furniture | G10: 2 | H10: 8000 | I10: 16000 | J10: 3200
A11: T008 | B11: 18-01-2026 | C11: Ravi | D11: South | E11: Mouse | F11: Accessories | G11: 6 | H11: 500 | I11: 3000 | J11: 600
A12: T009 | B12: 20-01-2026 | C12: Anita | D12: West | E12: Monitor | F12: Electronics | G12: 3 | H12: 12000 | I12: 36000 | J12: 6000
A13: T010 | B13: 22-01-2026 | C13: Dev | D13: East | E13: Laptop | F13: Electronics | G13: 1 | H13: 45000 | I13: 45000 | J13: 7000
A14: T011 | B14: 25-01-2026 | C14: Pooja | D14: North | E14: Chair | F14: Furniture | G14: 2 | H14: 3500 | I14: 7000 | J14: 1400
A15: T012 | B15: 28-01-2026 | C15: Arjun | D15: South | E15: Desk | F15: Furniture | G15: 1 | H15: 8000 | I15: 8000 | J15: 1600
A16: T013 | B16: 46055 | C16: Amit | D16: West | E16: Keyboard | F16: Accessories | G16: 4 | H16: 1200 | I16: 4800 | J16: 1200
A17: T014 | B17: 46144 | C17: Neha | D17: East | E17: Monitor | F17: Electronics | G17: 1 | H17: 12000 | I17: 12000 | J17: 2000
A18: T015 | B18: 46236 | C18: Rahul | D18: North | E18: Laptop | F18: Electronics | G18: 2 | H18: 45000 | I18: 90000 | J18: 14000
A19: T016 | B19: 46297 | C19: Priya | D19: South | E19: Chair | F19: Furniture | G19: 3 | H19: 3500 | I19: 10500 | J19: 2100
A20: T017 | B20: 46358 | C20: Jay | D20: West | E20: Desk | F20: Furniture | G20: 2 | H20: 8000 | I20: 16000 | J20: 3200
A21: T018 | B21: 15-02-2026 | C21: Kiran | D21: East | E21: Mouse | F21: Accessories | G21: 8 | H21: 500 | I21: 4000 | J21: 800
A22: T019 | B22: 18-02-2026 | C22: Meera | D22: North | E22: Monitor | F22: Electronics | G22: 2 | H22: 12000 | I22: 24000 | J22: 4000
A23: T020 | B23: 20-02-2026 | C23: Ravi | D23: South | E23: Keyboard | F23: Accessories | G23: 5 | H23: 1200 | I23: 6000 | J23: 1500
